id,TYPE,NO,NAME,EN_NAME,UnitPrice,Density
0e473247-50b0-4293-bde4-312cffbb12b6,DIM,1,GB/T1804-f,GB/T1804-f,0,0
12334444-a0ff-4c69-bea7-4ead70212345,GEO,6,GB/T1184-1996,GB/T1184-1996,0,0
12e65e61-740e-41d0-8292-f1fc16693b58,GEO,3,GB/T1184-L,GB/T1184-L,0,0
21dffac6-5948-43d0-a3ae-f7f69ffeeb01,MAT,161,SKD-11,,34.3,7850
25749bd3-98d8-4b0f-98ad-a62578f0e9af,DIM,3,GB/T1804-c,GB/T1804-c,0,0
31234567-a0ff-4c69-bea7-4ead702f25d7,GEO,5,GB/T1184-M,GB/T1184-M,0,0
3f542076-a0ff-4c69-bea7-4ead702f25d7,GEO,4,GB/T1184-IT12,GB/T1184-IT12,0,0
4df91fff-982f-4a1f-85f5-ba3084579041,MAT,160,DY25,,800,12000
4e990eff-6995-11ee-ab2d-ac82472e843d,MAT,0,无,无,0,0
4e995423-6995-11ee-ab2d-ac82472e843d,MAT,1,深灰色PVC AB板,深灰色PVC AB板,8,1750
4e998812-6995-11ee-ab2d-ac82472e843d,MAT,2,45钢,45钢,8,7850
4e99be4f-6995-11ee-ab2d-ac82472e843d,MAT,3,Q235（A3钢）,Q235（A3钢）,8,7850
4e99f6b8-6995-11ee-ab2d-ac82472e843d,MAT,4,S45C棒材,S45C棒材,8.8,7850
4e9a28c9-6995-11ee-ab2d-ac82472e843d,MAT,5,方通Q235A,方通Q235A,9,7930
4e9a5ac8-6995-11ee-ab2d-ac82472e843d,MAT,6,冷板,冷板,10,7850
4e9a8dab-6995-11ee-ab2d-ac82472e843d,MAT,7,40Cr棒材,40Cr棒材,10,7850
4e9ac332-6995-11ee-ab2d-ac82472e843d,MAT,8,S45C锻打,S45C锻打,10,7930
4e9b2247-6995-11ee-ab2d-ac82472e843d,MAT,9,S45C磨光棒,S45C磨光棒,10,7930
4e9b5eff-6995-11ee-ab2d-ac82472e843d,MAT,10,内六角圆柱头螺钉M16*75,内六角圆柱头螺钉M16*75,10,7930
4e9ba8ed-6995-11ee-ab2d-ac82472e843d,MAT,11,内六角圆柱头螺钉M14*20,内六角圆柱头螺钉M14*20,10,7930
4e9bdc86-6995-11ee-ab2d-ac82472e843d,MAT,12,SECC,SECC,10,7930
4e9c0e60-6995-11ee-ab2d-ac82472e843d,MAT,13,槽钢,槽钢,10,7930
4e9c3fa4-6995-11ee-ab2d-ac82472e843d,MAT,14,M16×80方头长圆柱端紧定螺钉,M16×80方头长圆柱端紧定螺钉,10,7950
4e9c7186-6995-11ee-ab2d-ac82472e843d,MAT,15,S45C光料,S45C光料,10.5,7850
4e9cb026-6995-11ee-ab2d-ac82472e843d,MAT,16,S45C精料,S45C精料,12,7850
4e9ce279-6995-11ee-ab2d-ac82472e843d,MAT,17,镀锌板-DX51D,镀锌板-DX51D,12,7930
4e9d1661-6995-11ee-ab2d-ac82472e843d,MAT,18,镀锌板,镀锌板,12,7930
4e9d5449-6995-11ee-ab2d-ac82472e843d,MAT,19,S45C研磨棒（软)-45,S45C研磨棒（软)-45,12,7930
4e9d88c5-6995-11ee-ab2d-ac82472e843d,MAT,20,S45C研磨棒（软),S45C研磨棒（软),12,7930
4e9dbe82-6995-11ee-ab2d-ac82472e843d,MAT,21,40Cr光料,40Cr光料,12.5,7850
4e9dfa89-6995-11ee-ab2d-ac82472e843d,MAT,22,40Cr精料,40Cr精料,13.5,7850
4e9e3165-6995-11ee-ab2d-ac82472e843d,MAT,23,Cr12棒料,Cr12棒料,15,7850
4e9e63e4-6995-11ee-ab2d-ac82472e843d,MAT,24,黄色国产环氧板,黄色国产环氧板,16,2300
4e9e96d9-6995-11ee-ab2d-ac82472e843d,MAT,25,65Mn棒材,65Mn棒材,17,7850
4e9ec896-6995-11ee-ab2d-ac82472e843d,MAT,26,Cr12光料,Cr12光料,18,7850
4e9ef9c1-6995-11ee-ab2d-ac82472e843d,MAT,27,20CrMnTi板料,20CrMnTi板料,18,7930
4e9f30c1-6995-11ee-ab2d-ac82472e843d,MAT,28,白色PP板,白色PP板,20,930
4e9f66de-6995-11ee-ab2d-ac82472e843d,MAT,29,Cr12精料,Cr12精料,20,7850
4e9fa006-6995-11ee-ab2d-ac82472e843d,MAT,30,65Mn光料,65Mn光料,20,7850
4e9fd502-6995-11ee-ab2d-ac82472e843d,MAT,31,38CrMoAL,38CrMoAL,20,7850
4ea00986-6995-11ee-ab2d-ac82472e843d,MAT,32,GCr15圆棒,GCr15圆棒,20,7930
4ea04445-6995-11ee-ab2d-ac82472e843d,MAT,33,镀铬棒,镀铬棒,20,7950
4ea0813f-6995-11ee-ab2d-ac82472e843d,MAT,34,普通白/黑PE板,普通白/黑PE板,21,1000
4ea0c45c-6995-11ee-ab2d-ac82472e843d,MAT,35,橙红/黑电木A 板,橙红/黑电木A 板,21,1500
4ea0fc09-6995-11ee-ab2d-ac82472e843d,MAT,36,橙红电木A 板,橙红电木A 板,22,1500
4ea133e2-6995-11ee-ab2d-ac82472e843d,MAT,37,65Mn精料,65Mn精料,22,7850
4ea1681d-6995-11ee-ab2d-ac82472e843d,MAT,38,D2棒材,D2棒材,22,7850
4ea1a230-6995-11ee-ab2d-ac82472e843d,MAT,39,浇筑透明亚克力,浇筑透明亚克力,23,1220
4ea1d8f3-6995-11ee-ab2d-ac82472e843d,MAT,40,赛钢-POM,赛钢-POM,25,1420
4ea20e90-6995-11ee-ab2d-ac82472e843d,MAT,41,SKD11棒材,SKD11棒材,25,7850
4ea24005-6995-11ee-ab2d-ac82472e843d,MAT,42,S45C镀铬棒（软）,S45C镀铬棒（软）,25,7930
4ea273d8-6995-11ee-ab2d-ac82472e843d,MAT,43,白色PP板 食品  棒料,白色PP板 食品  棒料,26,930
4ea2a6a8-6995-11ee-ab2d-ac82472e843d,MAT,44,（米黄色）本色ABS,（米黄色）本色ABS,26,1100
4ea2dda6-6995-11ee-ab2d-ac82472e843d,MAT,45,1Cr13棒料,1Cr13棒料,26,7850
4ea32b66-6995-11ee-ab2d-ac82472e843d,MAT,46,3Cr13棒料,3Cr13棒料,26,7850
4ea36d5d-6995-11ee-ab2d-ac82472e843d,MAT,47,SKD61棒材,SKD61棒材,26,7850
4ea3a201-6995-11ee-ab2d-ac82472e843d,MAT,48,S136棒材,S136棒材,26,7850
4ea3d69b-6995-11ee-ab2d-ac82472e843d,MAT,49,D2光料,D2光料,26,7850
4ea407e6-6995-11ee-ab2d-ac82472e843d,MAT,50,SUS304棒材,SUS304棒材,26,7930
4ea43ce3-6995-11ee-ab2d-ac82472e843d,MAT,51,黑色ABS,黑色ABS,28,1100
4ea47251-6995-11ee-ab2d-ac82472e843d,MAT,52,环氧树脂板（黑色）,环氧树脂板（黑色）,28,1450
4ea4a605-6995-11ee-ab2d-ac82472e843d,MAT,53,SKD11光料,SKD11光料,28,7850
4ea4dd95-6995-11ee-ab2d-ac82472e843d,MAT,54,S136H棒材,S136H棒材,28,7850
4ea513bd-6995-11ee-ab2d-ac82472e843d,MAT,55,D2精料,D2精料,28,7850
4ea554be-6995-11ee-ab2d-ac82472e843d,MAT,56,黑白赛刚-POM,黑白赛刚-POM,29,1600
5fb501c1-7ec8-11ee-91a2-2ec64bbaf159,HEAT,0,无,无,0,0
5fb5c5f1-7ec8-11ee-91a2-2ec64bbaf159,HEAT,1,调质,调质,10,0
5fb683b0-7ec8-11ee-91a2-2ec64bbaf159,HEAT,3,淬火,淬火,10,0
5fb71f1b-7ec8-11ee-91a2-2ec64bbaf159,HEAT,4,时效,时效,5,0
5fb7b08b-7ec8-11ee-91a2-2ec64bbaf159,HEAT,5,固容处理,固容处理,10,0
5fb810d0-7ec8-11ee-91a2-2ec64bbaf159,HEAT,6,碳氮共渗,碳氮共渗,10,0
5fb884a9-7ec8-11ee-91a2-2ec64bbaf159,HEAT,7,高频,高频,10,0
5fb8dd38-7ec8-11ee-91a2-2ec64bbaf159,HEAT,8,软氮,软氮,10,0
5fb94c95-7ec8-11ee-91a2-2ec64bbaf159,HEAT,9,真空,真空,10,0
5fbcc16a-7ec8-11ee-91a2-2ec64bbaf159,HEAT,10,调质+淬火,调质+淬火,20,0
5fbd634b-7ec8-11ee-91a2-2ec64bbaf159,HEAT,11,光亮淬火,光亮淬火,10,0
7f893f2a-6995-11ee-ab2d-ac82472e843d,MAT,58,AL6061-圆棒,AL6061-圆棒,28,2750
7f89aa44-6995-11ee-ab2d-ac82472e843d,MAT,59,AL6061-型材,AL6061-型材,26,2750
7f89e1a1-6995-11ee-ab2d-ac82472e843d,MAT,60,铝合金-6061,铝合金-6061,29,2750
7f8a18c2-6995-11ee-ab2d-ac82472e843d,MAT,61,橡胶,橡胶,30,2.3
7f8a50dd-6995-11ee-ab2d-ac82472e843d,MAT,62,亚克力,亚克力,30,1180
7f8a89e4-6995-11ee-ab2d-ac82472e843d,MAT,63,PMMA亚克力,PMMA亚克力,30,1250
7f8ac05b-6995-11ee-ab2d-ac82472e843d,MAT,64,聚氨酯,聚氨酯,30,1250
7f8af2d6-6995-11ee-ab2d-ac82472e843d,MAT,65,白/黑尼龙板PA6,白/黑尼龙板PA6,30,1300
7f8b2d5a-6995-11ee-ab2d-ac82472e843d,MAT,66,1Cr13光料,1Cr13光料,30,7850
7f8b656c-6995-11ee-ab2d-ac82472e843d,MAT,67,3Cr13光料,3Cr13光料,30,7850
7f8ba46a-6995-11ee-ab2d-ac82472e843d,MAT,68,SKD11精料,SKD11精料,30,7850
7f8bdaed-6995-11ee-ab2d-ac82472e843d,MAT,69,SKD61光料,SKD61光料,30,7850
7f8c120f-6995-11ee-ab2d-ac82472e843d,MAT,70,S136光料,S136光料,30,7850
7f8c4693-6995-11ee-ab2d-ac82472e843d,MAT,71,SUS303棒材,SUS303棒材,30,7930
7f8c789a-6995-11ee-ab2d-ac82472e843d,MAT,72,SUS304板材,SUS304板材,30,7930
7f8cab07-6995-11ee-ab2d-ac82472e843d,MAT,73,SUS301圆棒,SUS301圆棒,30,7930
7f8cdd46-6995-11ee-ab2d-ac82472e843d,MAT,74,201光板,201光板,30,7930
7f8d0fdb-6995-11ee-ab2d-ac82472e843d,MAT,75,15CrMo,15CrMo,30,7930
7f8d430c-6995-11ee-ab2d-ac82472e843d,MAT,76,GCr15圆棒ø20,GCr15圆棒ø20,30,7930
7f8eaa8b-6995-11ee-ab2d-ac82472e843d,MAT,77,GCr15镀铬光轴ø30,GCr15镀铬光轴ø30,30,7930
7f8ee4d4-6995-11ee-ab2d-ac82472e843d,MAT,78,镀铬光轴ø12,镀铬光轴ø12,30,7930
7f8f1945-6995-11ee-ab2d-ac82472e843d,MAT,79,304角钢,304角钢,30,7930
7f8f5dee-6995-11ee-ab2d-ac82472e843d,MAT,80,201无缝钢管,201无缝钢管,30,7950
7f8f92ad-6995-11ee-ab2d-ac82472e843d,MAT,81,304六角棒,304六角棒,30,7950
7f8fc446-6995-11ee-ab2d-ac82472e843d,MAT,82,201角钢,201角钢,30,7950
7f8ffae9-6995-11ee-ab2d-ac82472e843d,MAT,83,镀铬棒30,镀铬棒30,30,7950
7f903465-6995-11ee-ab2d-ac82472e843d,MAT,84,不锈钢-304,不锈钢-304,31,7930
7f906d32-6995-11ee-ab2d-ac82472e843d,MAT,85,优力胶,优力胶,32,1250
7f90a302-6995-11ee-ab2d-ac82472e843d,MAT,86,贴膜6061-厚10以上,贴膜6061-厚10以上,27,2750
7f90e9e1-6995-11ee-ab2d-ac82472e843d,MAT,87,1Cr13精料,1Cr13精料,32,7850
7f911b4b-6995-11ee-ab2d-ac82472e843d,MAT,88,3Cr13精料,3Cr13精料,32,7850
7f914d8d-6995-11ee-ab2d-ac82472e843d,MAT,89,SKD61精料,SKD61精料,32,7850
7f918289-6995-11ee-ab2d-ac82472e843d,MAT,90,S136精料,S136精料,32,7850
7f91b7aa-6995-11ee-ab2d-ac82472e843d,MAT,91,S136H光料,S136H光料,32,7850
7f91f4e3-6995-11ee-ab2d-ac82472e843d,MAT,92,S136H精料,S136H精料,34,7850
7f922a64-6995-11ee-ab2d-ac82472e843d,MAT,93,优力胶80-85度,优力胶80-85度,35,1300
7f92602d-6995-11ee-ab2d-ac82472e843d,MAT,94,水绿色玻纤板,水绿色玻纤板,35,2100
7f929118-6995-11ee-ab2d-ac82472e843d,MAT,95,贴膜6061-厚10以下,贴膜6061-厚10以下,32,2750
7f92c23b-6995-11ee-ab2d-ac82472e843d,MAT,96,NAK80棒材,NAK80棒材,35,7850
7f92f9f7-6995-11ee-ab2d-ac82472e843d,MAT,97,SUJ2  ø15镀铬,SUJ2  ø15镀铬,35,7930
7f932e49-6995-11ee-ab2d-ac82472e843d,MAT,98,DC53棒材,DC53棒材,36,7850
7f936af7-6995-11ee-ab2d-ac82472e843d,MAT,99,NAK80光料,NAK80光料,38,7850
7f939d36-6995-11ee-ab2d-ac82472e843d,MAT,100,AL7075-型材,AL7075-型材,38.5,2750
7f93cebc-6995-11ee-ab2d-ac82472e843d,MAT,101,440C,440C,38.5,7930
7f940206-6995-11ee-ab2d-ac82472e843d,MAT,102,含油尼龙,含油尼龙,40,1200
7f9436d7-6995-11ee-ab2d-ac82472e843d,MAT,103,NAK80精料,NAK80精料,40,7850
7f94748c-6995-11ee-ab2d-ac82472e843d,MAT,104,9Cr18棒材,9Cr18棒材,40,7850
7f94bbaa-6995-11ee-ab2d-ac82472e843d,MAT,105,DC53光料,DC53光料,40,7850
7f94ef1e-6995-11ee-ab2d-ac82472e843d,MAT,106,SUS316棒材,SUS316棒材,40,7930
7f9522b7-6995-11ee-ab2d-ac82472e843d,MAT,107,SUS316L棒材,SUS316L棒材,40,7930
7f9559a1-6995-11ee-ab2d-ac82472e843d,MAT,108,304无缝钢管,304无缝钢管,40,7950
7f959203-6995-11ee-ab2d-ac82472e843d,MAT,109,304螺杆  M6,304螺杆  M6,40,7950
7f95c864-6995-11ee-ab2d-ac82472e843d,MAT,110,M20*40  SUS304,M20*40  SUS304,40,7950
7f95fc0f-6995-11ee-ab2d-ac82472e843d,MAT,111,304六角钢,304六角钢,40,7950
7f9648c4-6995-11ee-ab2d-ac82472e843d,MAT,112,201花纹板,201花纹板,40,7950
7f967dbe-6995-11ee-ab2d-ac82472e843d,MAT,113,304拉丝板,304拉丝板,40,7950
7f96ae4b-6995-11ee-ab2d-ac82472e843d,MAT,114,304光板,304光板,40,7950
7f96eb27-6995-11ee-ab2d-ac82472e843d,MAT,115,DC53精料,DC53精料,42,7850
7f971e0c-6995-11ee-ab2d-ac82472e843d,MAT,116,40Cr银钢支,40Cr银钢支,42,7930
7f975191-6995-11ee-ab2d-ac82472e843d,MAT,117,9Cr18光料,9Cr18光料,43,7850
7f978353-6995-11ee-ab2d-ac82472e843d,MAT,118,SUS316板材,SUS316板材,43,7930
7f97b46e-6995-11ee-ab2d-ac82472e843d,MAT,119,SUS316L板材,SUS316L板材,43,7930
7f97e69a-6995-11ee-ab2d-ac82472e843d,MAT,120,透明PC板,透明PC板,45,1200
7f981c05-6995-11ee-ab2d-ac82472e843d,MAT,121,优力胶 90度,优力胶 90度,45,1300
7f9859f8-6995-11ee-ab2d-ac82472e843d,MAT,122,贴膜7075-厚10以上,贴膜7075-厚10以上,40,2750
7f98959f-6995-11ee-ab2d-ac82472e843d,MAT,123,AL7075-圆棒,AL7075-圆棒,45,2750
7f98d431-6995-11ee-ab2d-ac82472e843d,MAT,124,9Cr18精料,9Cr18精料,45,7850
7f990cf9-6995-11ee-ab2d-ac82472e843d,MAT,125,贴膜7075-厚10以下,贴膜7075-厚10以下,48,2750
7f993f53-6995-11ee-ab2d-ac82472e843d,MAT,126,铝合金-2A12,铝合金-2A12,48,2850
7f997533-6995-11ee-ab2d-ac82472e843d,MAT,127,H13,H13,48,7850
7f99a785-6995-11ee-ab2d-ac82472e843d,MAT,128,合成石,合成石,50,2000
7f99d8c4-6995-11ee-ab2d-ac82472e843d,MAT,129,PA66+GF30黑色,PA66+GF30黑色,50,2400
7f9a09e3-6995-11ee-ab2d-ac82472e843d,MAT,130,超平板6061,超平板6061,50,2750
7f9a3f46-6995-11ee-ab2d-ac82472e843d,MAT,131,SUS630,SUS630,50,7930
7f9a7409-6995-11ee-ab2d-ac82472e843d,MAT,132,0.5锰钢片,0.5锰钢片,50,7950
7f9aaaed-6995-11ee-ab2d-ac82472e843d,MAT,133,不锈钢网,不锈钢网,50,7950
7f9adea5-6995-11ee-ab2d-ac82472e843d,MAT,134,透明PC棒,透明PC棒,55,1200
7f9b10aa-6995-11ee-ab2d-ac82472e843d,MAT,135,SUJ2镀铬棒,SUJ2镀铬棒,55,7930
7f9b420a-6995-11ee-ab2d-ac82472e843d,MAT,136,尼龙-PA66,尼龙-PA66,60,1130
7f9b7356-6995-11ee-ab2d-ac82472e843d,MAT,137,白色铁氟龙 A板,白色铁氟龙 A板,68,2400
7f9ba488-6995-11ee-ab2d-ac82472e843d,MAT,138,黄铜-H62棒材,黄铜-H62棒材,68,8500
7f9bd765-6995-11ee-ab2d-ac82472e843d,MAT,139,黄铜-H62板材,黄铜-H62板材,69,8500
7f9c09fb-6995-11ee-ab2d-ac82472e843d,MAT,140,锡青铜板材,锡青铜板材,69,8500
7f9c3c28-6995-11ee-ab2d-ac82472e843d,MAT,141,锡青铜棒材,锡青铜棒材,69,8500
7f9c7a24-6995-11ee-ab2d-ac82472e843d,MAT,142,PA66+GF30白色,PA66+GF30白色,70,2400
7f9cab23-6995-11ee-ab2d-ac82472e843d,MAT,143,特氟龙,特氟龙,90,2200
7f9ce920-6995-11ee-ab2d-ac82472e843d,MAT,144,聚四氟乙烯,聚四氟乙烯,90,2300
7f9d1aa8-6995-11ee-ab2d-ac82472e843d,MAT,145,紫铜-T2棒料,紫铜-T2棒料,90,8500
7f9d50fc-6995-11ee-ab2d-ac82472e843d,MAT,146,紫铜-T2板材,紫铜-T2板材,92,8500
7f9d8730-6995-11ee-ab2d-ac82472e843d,MAT,147,50CrMv,50CrMv,100,7930
7f9dbbf0-6995-11ee-ab2d-ac82472e843d,MAT,148,磷青铜,磷青铜,100,8900
7f9ded06-6995-11ee-ab2d-ac82472e843d,MAT,149,工业纯钛TA2,工业纯钛TA2,135,4430
7f9e1f3b-6995-11ee-ab2d-ac82472e843d,MAT,150,工业纯钛TA2棒料,工业纯钛TA2棒料,190,4430
7f9e5034-6995-11ee-ab2d-ac82472e843d,MAT,151,钛合金-TC4板材,钛合金-TC4板材,200,4430
7f9e8561-6995-11ee-ab2d-ac82472e843d,MAT,152,钛合金-TC4棒材,钛合金-TC4棒材,210,4430
7f9eb5a8-6995-11ee-ab2d-ac82472e843d,MAT,153,本色PPS板,本色PPS板,220,1400
7f9ee63c-6995-11ee-ab2d-ac82472e843d,MAT,154,CuCo2Be,CuCo2Be,400,8960
7f9f190d-6995-11ee-ab2d-ac82472e843d,MAT,155,G15合金,G15合金,700,14500
7f9f4c24-6995-11ee-ab2d-ac82472e843d,MAT,156,鉬合金,鉬合金,800,10900
7f9f7f41-6995-11ee-ab2d-ac82472e843d,MAT,157,聚醚醚酮-PEEK,聚醚醚酮-PEEK,1000,1330
7f9fb905-6995-11ee-ab2d-ac82472e843d,MAT,158,全新料本色PEEK板,全新料本色PEEK板,1200,1450
8caa3b1e-c50b-11ee-ac9a-ac82472e843d,SURR,1,无,None,0,0
8cabb748-c50b-11ee-ac9a-ac82472e843d,SURR,1,0.4,0.4,0.4,0
8cac2c82-c50b-11ee-ac9a-ac82472e843d,SURR,1,0.8,0.8,0.8,0
8cac6808-c50b-11ee-ac9a-ac82472e843d,SURR,1,1.6,1.6,1.6,0
8caca241-c50b-11ee-ac9a-ac82472e843d,SURR,1,2.5,2.5,2.5,0
8cacd838-c50b-11ee-ac9a-ac82472e843d,SURR,1,3.2,3.2,3.2,0
8cad0cfa-c50b-11ee-ac9a-ac82472e843d,SURR,1,6.3,6.3,6.3,0
8cad45a3-c50b-11ee-ac9a-ac82472e843d,SURR,1,12.5,12.5,12.5,0
900ee59d-d926-4691-b00e-ddf4a8238f30,DIM,0,无,None,0,0
a316f3e4-806d-42e6-b644-ab0d8240d1a9,GEO,1,GB/T1184-H,GB/T1184-H,0,0
ad1f7d41-6996-11ee-ab2d-ac82472e843d,SUR,0,无,无,0,0
ad1ff06a-6996-11ee-ab2d-ac82472e843d,SUR,1,发黑,发黑,5,2
ad203d7a-6996-11ee-ab2d-ac82472e843d,SUR,2,烤漆,烤漆,5,2
ad20755f-6996-11ee-ab2d-ac82472e843d,SUR,3,喷粉,喷粉,5,3
ad20b3a3-6996-11ee-ab2d-ac82472e843d,SUR,4,钝化,钝化,5,10
ad20e4c9-6996-11ee-ab2d-ac82472e843d,SUR,5,拉丝,拉丝,5,2
ad211625-6996-11ee-ab2d-ac82472e843d,SUR,6,电解抛光,电解抛光,5,10
ad2147c9-6996-11ee-ab2d-ac82472e843d,SUR,7,烤漆1,烤漆1,5,30
ad217b40-6996-11ee-ab2d-ac82472e843d,SUR,8,镀铬,镀铬,7,3
ad21ac67-6996-11ee-ab2d-ac82472e843d,SUR,9,镀锌,镀锌,7,2
ad21dd2b-6996-11ee-ab2d-ac82472e843d,SUR,10,镀彩锌,镀彩锌,7,2
ad221161-6996-11ee-ab2d-ac82472e843d,SUR,11,镀镍,镀镍,10,5
ad224196-6996-11ee-ab2d-ac82472e843d,SUR,12,磷酸盐皮膜处理,磷酸盐皮膜处理,10,2
ad227428-6996-11ee-ab2d-ac82472e843d,SUR,13,渗氮,渗氮,10,50
ad22af68-6996-11ee-ab2d-ac82472e843d,SUR,14,阳极氧化,阳极氧化,12,2
ad22e8d1-6996-11ee-ab2d-ac82472e843d,SUR,15,导电氧化,导电氧化,12,2
ad231ddd-6996-11ee-ab2d-ac82472e843d,SUR,16,喷砂阳极氧化,喷砂阳极氧化,13,2
ad234e37-6996-11ee-ab2d-ac82472e843d,SUR,17,阳极氧化黑,阳极氧化黑,15,2
ad237dfc-6996-11ee-ab2d-ac82472e843d,SUR,18,黑色阳极,黑色阳极,15,3
ad23ad6a-6996-11ee-ab2d-ac82472e843d,SUR,19,喷砂阳极氧化黑,喷砂阳极氧化黑,16,2
ad23dcc9-6996-11ee-ab2d-ac82472e843d,SUR,20,镀镍 铝,镀镍 铝,16,16
ad24109f-6996-11ee-ab2d-ac82472e843d,SUR,21,黑色亮光阳极化,黑色亮光阳极化,17,2
ad244025-6996-11ee-ab2d-ac82472e843d,SUR,22,喷塑,喷塑,20,20
ad246f92-6996-11ee-ab2d-ac82472e843d,SUR,23,硬质氧化,硬质氧化,30,4
ad249fb9-6996-11ee-ab2d-ac82472e843d,SUR,24,喷铁氟龙（普通）,喷铁氟龙（普通）,600,200
ad24cf47-6996-11ee-ab2d-ac82472e843d,SUR,25,DLC,DLC,40000,300
b2d9ae11-416e-4b86-8ffd-20c3f1777e3c,DIM,4,GB/T1804-v,GB/T1804-v,0,0
cf23febd-51e3-4863-8f90-c5ee99e3bc40,GEO,0,无,None,0,0
d93d175d-c6ea-4d3b-92ea-530a4dbfe851,DIM,2,GB/T1804-m,GB/T1804-m,0,0
ddd89819-d35b-4893-9839-d38a357b5abe,MAT,159,DC53,DC53,43.2,7850
e388e6bd-f560-4f24-8b48-10539b038515,GEO,2,GB/T1184-K,GB/T1184-K,0,0
